time,est_speed
1405529964000,4.5642784
1405529964000,4.5642784
1405529964000,4.5642784
1405529964000,4.5642784
1405529964000,4.5642784
1405529964000,4.5642784
1405691366000,3.9250112
1405691366000,3.9250112
1405691366000,3.9250112
1405691366000,3.9250112
1405691366000,3.9250112
1405691366000,3.9250112
1405697668000,2.4766016
1405697668000,2.4766016
1405697668000,2.4766016
1405697668000,2.4766016
1405697668000,2.4766016
1405697668000,2.4766016
1405774768000,6.996176
1405774768000,6.996176
1405775968000,8.359648
1405775968000,8.359648
1405775968000,8.359648
1405775968000,8.359648
1405775968000,8.359648
1405775968000,8.359648
1405810168000,7.8500224
1405810168000,7.8500224
1405810168000,7.8500224
1405810168000,7.8500224
1405810168000,7.8500224
1405810168000,7.8500224
1405826070000,0.9790176
1405826070000,0.9790176
1405826070000,0.9790176
1405826070000,0.9790176
1405826070000,0.9790176
1405826070000,0.9790176
1405876772000,6.8486528
1405876772000,6.8486528
1405876772000,6.8486528
1405876772000,6.8486528
1405876772000,6.8486528
1405876772000,6.8486528
1405937373000,4.8772064
1405937373000,4.8772064
1405937373000,4.8772064
1405937373000,4.8772064
1405940072000,3.3706816
1405940072000,3.3706816
1405940072000,3.3706816
1405940072000,3.3706816
1405940072000,3.3706816
1405940072000,3.3706816
1406111076000,7.9483712
1406111076000,7.9483712
1406111076000,7.9483712
1406111076000,7.9483712
1406111076000,7.9483712
1406111076000,7.9483712
1406122475000,5.7489344
1406122475000,5.7489344
1406122475000,5.7489344
1406122475000,5.7489344
1406122475000,5.7489344
1406122475000,5.7489344
1406214276000,6.3122048
1406214276000,6.3122048
1406214276000,6.3122048
1406214276000,6.3122048
1406214276000,6.3122048
1406214276000,6.3122048
1406291378000,10.72896
1406291378000,10.72896
1406291378000,10.72896
1406291378000,10.72896
1406291378000,10.72896
1406314477000,8.471408
1406314477000,8.471408
1406314477000,8.471408
1406314477000,8.471408
1406314477000,8.471408
1406314477000,8.471408
1406378080000,4.2334688
1406378080000,4.2334688
1406378080000,4.2334688
1406378080000,4.2334688
1406378080000,4.2334688
1406378080000,4.2334688
1406411678000,1.050544
1406411678000,1.050544
1406411678000,1.050544
1406411678000,1.050544
1406411678000,1.050544
1406411678000,1.050544
1406443181000,8.04672
1406443181000,8.04672
1406443181000,8.04672
1406443181000,8.04672
1406443181000,8.04672
1406443181000,8.04672
1406549683000,5.9053984
1406549683000,5.9053984
1406549683000,5.9053984
1406549683000,5.9053984
1406549683000,5.9053984
1406549683000,5.9053984
1406711986000,4.0725344
1406711986000,4.0725344
1406711986000,4.0725344
1406711986000,4.0725344
1406711986000,4.0725344
1406711986000,4.0725344
1406715886000,7.15264
1406715886000,7.15264
1406715886000,7.15264
1406715886000,7.15264
1406715886000,7.15264
1406715886000,7.15264
1406976889000,9.3297248
1406976889000,9.3297248
1406976889000,9.3297248
1406976889000,9.3297248
1406979290000,4.3496992
1406979290000,4.3496992
1406979290000,4.3496992
1406979290000,4.3496992
1406979290000,4.3496992
1406979290000,4.3496992
1407078890000,1.3545312
1407078890000,1.3545312
1407078890000,1.3545312
1407078890000,1.3545312
1407078890000,1.3545312
1407078890000,1.3545312
1407251693000,2.0295616
1407251693000,2.0295616
1407251693000,2.0295616
1407251693000,2.0295616
1407251693000,2.0295616
1407251693000,2.0295616
1407331195000,0.8672576
1407331195000,0.8672576
1407331195000,0.8672576
1407331195000,0.8672576
1407331195000,0.8672576
1407573897000,6.5670176
1407573897000,6.5670176
1407573897000,6.5670176
1407573897000,6.5670176
1407573897000,6.5670176
1407573897000,6.5670176
1407580802000,3.3528
1407580802000,3.3528
1407580802000,3.3528
1407580802000,3.3528
1407580802000,3.3528
1407580802000,3.3528
1407587998000,3.1695136
1407587998000,3.1695136
1407587998000,3.1695136
1407587998000,3.1695136
1407587998000,3.1695136
1407587998000,3.1695136
1407694801000,6.3747904
1407694801000,6.3747904
1407694801000,6.3747904
1407694801000,6.3747904
1407694801000,6.3747904
1407694801000,6.3747904
1407768602000,4.5329856
1407768602000,4.5329856
1407768602000,4.5329856
1407768602000,4.5329856
1407768602000,4.5329856
1407768602000,4.5329856
1407823503000,5.36448
1407823503000,5.36448
1407823503000,5.36448
1407823503000,5.36448
1407823503000,5.36448
1407823503000,5.36448
1407839104000,7.3135744
1407839104000,7.3135744
1407839104000,7.3135744
1407839104000,7.3135744
1407839104000,7.3135744
1407839104000,7.3135744
1407856804000,3.1695136
1407856804000,3.1695136
1407856804000,3.1695136
1407856804000,3.1695136
1407856804000,3.1695136
1407932105000,8.2523584
1407932105000,8.2523584
1407932105000,8.2523584
1407932105000,8.2523584
1407932105000,8.2523584
1407932105000,8.2523584
1407935405000,5.36448
1407935405000,5.36448
1407935405000,5.36448
1407935405000,5.36448
1407935405000,5.36448
1408036206000,5.7489344
1408036206000,5.7489344
1408036206000,5.7489344
1408036206000,5.7489344
1408106107000,3.5003232
1408106107000,3.5003232
1408106107000,3.5003232
1408106107000,3.5003232
1408106107000,3.5003232
1408106107000,3.5003232
1408127107000,3.9026592
1408127107000,3.9026592
1408127107000,3.9026592
1408127107000,3.9026592
1408127107000,3.9026592
1408127107000,3.9026592
1408192809000,3.3170368
1408192809000,3.3170368
1408192809000,3.3170368
1408192809000,3.3170368
1408192809000,3.3170368
1408192809000,3.3170368
1408227608000,2.1323808
1408227608000,2.1323808
1408227608000,2.1323808
1408227608000,2.1323808
1408227608000,2.1323808
1408227608000,2.1323808
1408357211000,4.6983904
1408357211000,4.6983904
1408357211000,4.6983904
1408357211000,4.6983904
1408357211000,4.6983904
1408357211000,4.6983904
1408372811000,4.9889664
1408372811000,4.9889664
1408372811000,4.9889664
1408446012000,3.8087808
1408446012000,3.8087808
1408446012000,3.8087808
1408446012000,3.8087808
1408446012000,3.8087808
1408450812000,3.9741856
1408450812000,3.9741856
1408450812000,3.9741856
1408450812000,3.9741856
1408450812000,3.9741856
1408450812000,3.9741856
1408530613000,4.1261792
1408530613000,4.1261792
1408530613000,4.1261792
1408530613000,4.1261792
1408530613000,4.1261792
1408716616000,4.0993568
1408716616000,4.0993568
1408716616000,4.0993568
1408716616000,4.0993568
1408716616000,4.0993568
1408716616000,4.0993568
1408722915000,3.8758368
1408722915000,3.8758368
1408722915000,3.8758368
1408722915000,3.8758368
1408722915000,3.8758368
1408722915000,3.8758368
1408793117000,3.5003232
1408793117000,3.5003232
1408794018000,1.8865088
1408794018000,1.8865088
1408794018000,1.8865088
1408794018000,1.8865088
1408794018000,1.8865088
1408794018000,1.8865088
1408882520000,3.7864288
1408882520000,3.7864288
1408882520000,3.7864288
1408882520000,3.7864288
1408882520000,3.7864288
1408882520000,3.7864288
1408894821000,8.359648
1408894821000,8.359648
1408894821000,8.359648
1408894821000,8.359648
1408894821000,8.359648
1408894821000,8.359648
1408913720000,8.359648
1408913720000,8.359648
1408913720000,8.359648
1408913720000,8.359648
1408913720000,8.359648
1408913720000,8.359648
1408913720000,8.359648
1408913720000,8.359648
1408913720000,8.359648
1408913720000,8.359648
1408913720000,8.359648
1408913720000,8.359648
1408913720000,8.359648
1408913720000,8.359648
1408913720000,8.359648
1408913720000,8.359648
1408913720000,8.359648
1408913720000,8.359648
1408913720000,8.359648
1408913720000,8.359648
1408913720000,8.359648
1408913720000,8.359648
1408913720000,8.359648
1408913720000,8.359648
1408913720000,8.359648
1408913720000,8.359648
1408913720000,8.359648
1408913720000,8.359648
1408913720000,8.359648
1408913720000,8.359648
1408913720000,8.359648
1409032822000,4.8414432
1409032822000,4.8414432
1409032822000,4.8414432
1409032822000,4.8414432
1409032822000,4.8414432
1409032822000,4.8414432
1409154624000,1.3545312
1409154624000,1.3545312
1409154624000,1.3545312
1409154624000,1.3545312
1409236225000,3.8758368
1409236225000,3.8758368
1409236225000,3.8758368
1409236225000,3.8758368
1409236225000,3.8758368
1409304027000,5.275072
1409304027000,5.275072
1409304027000,5.275072
1409304027000,5.275072
1409304027000,5.275072
1409328926000,3.1248096
1409328926000,3.1248096
1409328926000,3.1248096
1409328926000,3.1248096
1409328926000,3.1248096
1409328926000,3.1248096
1409405428000,4.9889664
1409405428000,4.9889664
1409405428000,4.9889664
1409405428000,4.9889664
1409405428000,4.9889664
1409405428000,4.9889664
1409434828000,4.7699168
1409434828000,4.7699168
1409434828000,4.7699168
1409434828000,4.7699168
1409434828000,4.7699168
1409434828000,4.7699168
1409439329000,4.7699168
1409439329000,4.7699168
1409439329000,4.7699168
1409439329000,4.7699168
1409439329000,4.7699168
1409439329000,4.7699168
1409473230000,5.6952896
1409473230000,5.6952896
1409473230000,5.6952896
1409473230000,5.6952896
1409473230000,5.6952896
1409473230000,5.6952896
1409503831000,1.7479264
1409503831000,1.7479264
1409503831000,1.7479264
1409503831000,1.7479264
1409503831000,1.7479264
1409503831000,1.7479264
1409510131000,5.36448
1409510131000,5.36448
1409510131000,5.36448
1409510131000,5.36448
1409510131000,5.36448
1409510131000,5.36448
1409573432000,3.3885632
1409573432000,3.3885632
1409573432000,3.3885632
1409573432000,3.3885632
1409573432000,3.3885632
1409573432000,3.3885632
1409577332000,4.9532032
1409577332000,4.9532032
1409577332000,4.9532032
1409577332000,4.9532032
1409577332000,4.9532032
1409577332000,4.9532032
1409661334000,3.1561024
1409661334000,3.1561024
1409661334000,3.1561024
1409661334000,3.1561024
1409663433000,4.6626272
1409663433000,4.6626272
1409663433000,4.6626272
1409663433000,4.6626272
1409663433000,4.6626272
1409674233000,3.9473632
1409675134000,5.2348384
1409675134000,5.2348384
1409675134000,5.2348384
1409675134000,5.2348384
1409675134000,5.2348384
1409675134000,5.2348384
1409742634000,6.0171584
1409742634000,6.0171584
1409742634000,6.0171584
1409742634000,6.0171584
1409742634000,6.0171584
1409750735000,6.504432
1409750735000,6.504432
1409750735000,6.504432
1409750735000,6.504432
1409750735000,6.504432
1409750735000,6.504432
1409835936000,6.0708032
1409835936000,6.0708032
1409835936000,6.0708032
1409835936000,6.0708032
1409835936000,6.0708032
1409835936000,6.0708032
1409862036000,1.0639552
1409862036000,1.0639552
1409862036000,1.0639552
1409862036000,1.0639552
1409862036000,1.0639552
1409862036000,1.0639552
1410359145000,2.2217888
1410359145000,2.2217888
1410359145000,2.2217888
1410359145000,2.2217888
1410359145000,2.2217888
1410359145000,2.2217888
1410447647000,1.7926304
1410447647000,1.7926304
1410447647000,1.7926304
1410447647000,1.7926304
1410447647000,1.7926304
1410617149000,1.5825216
1410617149000,1.5825216
1410617149000,1.5825216
1410617149000,1.5825216
1410617149000,1.5825216
1410617149000,1.5825216
1410633649000,1.9401536
1410633649000,1.9401536
1410633649000,1.9401536
1410633649000,1.9401536
1410633649000,1.9401536
1410633649000,1.9401536
1410813054000,9.7544128
1410813054000,9.7544128
1410813054000,9.7544128
1410813054000,9.7544128
1410813054000,9.7544128
1410813054000,9.7544128
1410876655000,6.638544
1410876655000,6.638544
1410876655000,6.638544
1410876655000,6.638544
1410876655000,6.638544
1410884156000,3.6567872
1410884156000,3.6567872
1410884156000,3.6567872
1410884156000,3.6567872
1410884156000,3.6567872
1410884156000,3.6567872
1410958556000,0.8761984
1410958556000,0.8761984
1410958556000,0.8761984
1410958556000,0.8761984
1410960656000,1.5780512
1410960656000,1.5780512
1410960656000,1.5780512
1410960656000,1.5780512
1410960656000,1.5780512
1410969056000,5.275072
1410969056000,5.275072
1410969056000,5.275072
1410969056000,5.275072
1411034457000,4.1261792
1411034457000,4.1261792
1411034457000,4.1261792
1411034457000,4.1261792
1411034457000,4.1261792
1411034457000,4.1261792
1411220759000,4.9532032
1411220759000,4.9532032
1411220759000,4.9532032
1411220759000,4.9532032
1411223160000,4.3184064
1411223160000,4.3184064
1411223160000,4.3184064
1411223160000,4.3184064
1411223160000,4.3184064
1411223160000,4.3184064
1411383984000,4.02336
1411383984000,4.02336
1411383984000,4.02336
1411383984000,4.02336
1411383984000,4.02336
1411383984000,4.02336
1411388785000,7.8500224
1411388785000,7.8500224
1411388785000,7.8500224
1411388785000,7.8500224
1411388785000,7.8500224
1411388785000,7.8500224
1411396285000,4.1261792
1411396285000,4.1261792
1411396285000,4.1261792
1411396285000,4.1261792
1411396285000,4.1261792
1411396285000,4.1261792
1411400185000,5.6952896
1411400185000,5.6952896
1411400185000,5.6952896
1411400185000,5.6952896
1411400185000,5.6952896
1411400185000,5.6952896
1411464086000,5.5030624
1411464086000,5.5030624
1411464086000,5.5030624
1411464086000,5.5030624
1411464086000,5.5030624
1411464086000,5.5030624
1411561287000,3.1113984
1411561287000,3.1113984
1411561287000,3.1113984
1411561287000,3.1113984
1411561287000,3.1113984
1411561287000,3.1113984
1411570887000,3.1873952
1411570887000,3.1873952
1411570887000,3.1873952
1411570887000,3.1873952
1411570887000,3.1873952
1411570887000,3.1873952
1411641088000,4.3496992
1411641088000,4.3496992
1411641088000,4.3496992
1411641088000,4.3496992
1411641088000,4.3496992
1411641088000,4.3496992
1411650089000,6.638544
1411650089000,6.638544
1411650089000,6.638544
1411650089000,6.638544
1411650089000,6.638544
1411650089000,6.638544
1411733789000,5.2348384
1411734392000,4.380992
1411734392000,4.380992
1411734392000,4.380992
1411734392000,4.380992
1411734392000,4.380992
1411734392000,4.380992
1411814190000,7.756144
1411814190000,7.756144
1411814190000,7.756144
1411814190000,7.756144
1411814190000,7.756144
1411814190000,7.756144
1411826490000,4.7341536
1411827091000,4.380992
1411827091000,4.380992
1411827091000,4.380992
1411827091000,4.380992
1411827091000,4.380992
1411827091000,4.380992
1411854390000,6.638544
1411854390000,6.638544
1411854390000,6.638544
1411854390000,6.638544
1411854390000,6.638544
1411854390000,6.638544
1411992095000,3.218688
1411992095000,3.218688
1411992095000,3.218688
1411992095000,3.218688
1411994496000,3.9741856
1411995395000,3.57632
1411995395000,3.57632
1411995395000,3.57632
1411995395000,3.57632
1411995395000,3.57632
1411995395000,3.57632
1412016096000,7.5728576
1412016096000,7.5728576
1412016096000,7.5728576
1412016096000,7.5728576
1412016096000,7.5728576
1412016096000,7.5728576
1412077896000,3.7864288
1412077896000,3.7864288
1412077896000,3.7864288
1412077896000,3.7864288
1412077896000,3.7864288
1412077896000,3.7864288
1412160098000,3.5003232
1412160098000,3.5003232
1412160098000,3.5003232
1412160098000,3.5003232
1412160098000,3.5003232
1412160098000,3.5003232
1412166398000,3.2008064
1412166398000,3.2008064
1412166398000,3.2008064
1412166398000,3.2008064
1412166398000,3.2008064
1412166398000,3.2008064
1412169998000,5.7981088
1412169998000,5.7981088
1412169998000,5.7981088
1412169998000,5.7981088
1412169998000,5.7981088
1412172698000,5.5030624
1412172698000,5.5030624
1412172698000,5.5030624
1412172698000,5.5030624
1412172698000,5.5030624
1412172698000,5.5030624
1412252799000,4.5016928
1412252799000,4.5016928
1412252799000,4.5016928
1412252799000,4.5016928
1412252799000,4.5016928
1412252799000,4.5016928
1412328100000,4.0993568
1412328100000,4.0993568
1412328100000,4.0993568
1412328100000,4.0993568
1412328100000,4.0993568
1412328100000,4.0993568
1412332900000,4.8414432
1412332900000,4.8414432
1412332900000,4.8414432
1412332900000,4.8414432
1412332900000,4.8414432
1412332900000,4.8414432
1412760708000,1.1891264
1412760708000,1.1891264
1412760708000,1.1891264
1412760708000,1.1891264
1412760708000,1.1891264
1412760708000,1.1891264
1412778108000,5.275072
1412778108000,5.275072
1412778108000,5.275072
1412778108000,5.275072
1412778108000,5.275072
1412778108000,5.275072
1412845609000,4.3496992
1412845609000,4.3496992
1412845609000,4.3496992
1412845609000,4.3496992
1412845609000,4.3496992
1412845609000,4.3496992
1412857910000,5.5030624
1412857910000,5.5030624
1412857910000,5.5030624
1412857910000,5.5030624
1412857910000,5.5030624
1412857910000,5.5030624
1412871710000,3.3170368
1412871710000,3.3170368
1412871710000,3.3170368
1412871710000,3.3170368
1412871710000,3.3170368
1412871710000,3.3170368
1412956629000,5.453888
1412956629000,5.453888
1412956629000,5.453888
1412956629000,5.453888
1412956629000,5.453888
1412956629000,5.453888
1413022030000,6.5670176
1413022030000,6.5670176
1413022030000,6.5670176
1413022030000,6.5670176
1413022030000,6.5670176
1413022030000,6.5670176
1413033730000,5.1901344
1413034331000,2.995168
1413034331000,2.995168
1413034331000,2.995168
1413034331000,2.995168
1413034331000,2.995168
1413034331000,2.995168
1413038231000,6.1289184
1413038231000,6.1289184
1413039130000,3.8534848
1413039130000,3.8534848
1413040330000,6.504432
1413040330000,6.504432
1413040330000,6.504432
1413040330000,6.504432
1413040330000,6.504432
1413040330000,6.504432
1413129434000,5.0694336
1413129434000,5.0694336
1413129434000,5.0694336
1413129434000,5.0694336
1413129434000,5.0694336
1413129434000,5.0694336
1413293537000,4.4391072
1413293537000,4.4391072
1413295036000,2.1949664
1413295036000,2.1949664
1413295036000,2.1949664
1413295036000,2.1949664
1413295036000,2.1949664
1413295036000,2.1949664
1413371237000,5.1499008
1413371237000,5.1499008
1413371237000,5.1499008
1413371237000,5.1499008
1413371237000,5.1499008
1413371237000,5.1499008
1413376038000,4.291584
1413376038000,4.291584
1413376038000,4.291584
1413376038000,4.291584
1413376038000,4.291584
1413376038000,4.291584
1413466939000,1.698752
1413466939000,1.698752
1413466939000,1.698752
1413466939000,1.698752
1413466939000,1.698752
1413466939000,1.698752
1413475339000,3.8758368
1413475339000,3.8758368
1413475339000,3.8758368
1413475339000,3.8758368
1413475339000,3.8758368
1413548540000,4.291584
1413548540000,4.291584
1413548540000,4.291584
1413548540000,4.291584
1413551240000,2.1815552
1413551240000,2.1815552
1413551240000,2.1815552
1413551240000,2.1815552
1413551240000,2.1815552
1413554240000,3.3170368
1413554840000,4.291584
1413554840000,4.291584
1413554840000,4.291584
1413554840000,4.291584
1413554840000,4.291584
1413554840000,4.291584
1413884361000,9.0659712
1413884361000,9.0659712
1413884361000,9.0659712
1413884361000,9.0659712
1413884361000,9.0659712
1413884361000,9.0659712
1413889162000,6.1289184
1413889162000,6.1289184
1413889162000,6.1289184
1413889162000,6.1289184
1413889162000,6.1289184
1413897561000,5.6952896
1413897561000,5.6952896
1413897561000,5.6952896
1413897561000,5.6952896
1413897561000,5.6952896
1413897561000,5.6952896
1414086264000,9.7544128
1414086264000,9.7544128
1414086264000,9.7544128
1414086264000,9.7544128
1414086264000,9.7544128
1414086264000,9.7544128
1414226966000,5.5969408
1414226966000,5.5969408
1414226966000,5.5969408
1414226966000,5.5969408
1414226966000,5.5969408
1414226966000,5.5969408
1414233866000,2.391664
1414233866000,2.391664
1414233866000,2.391664
1414233866000,2.391664
1414233866000,2.391664
1414233866000,2.391664
1414240466000,4.4078144
1414240466000,4.4078144
1414240466000,4.4078144
1414240466000,4.4078144
1414240466000,4.4078144
1414240466000,4.4078144
1414245267000,3.9741856
1414245267000,3.9741856
1414245267000,3.9741856
1414245267000,3.9741856
1414245267000,3.9741856
1414245267000,3.9741856
1414251266000,6.5670176
1414251266000,6.5670176
1414251266000,6.5670176
1414251266000,6.5670176
1414251266000,6.5670176
1414251266000,6.5670176
1414405471000,5.36448
1414405471000,5.36448
1414405471000,5.36448
1414405471000,5.36448
1414405471000,5.36448
1414405471000,5.36448
1414495772000,4.7699168
1414495772000,4.7699168
1414495772000,4.7699168
1414495772000,4.7699168
1414495772000,4.7699168
1414495772000,4.7699168
1414509572000,6.3122048
1414509572000,6.3122048
1414509572000,6.3122048
1414509572000,6.3122048
1414509572000,6.3122048
1414509572000,6.3122048
1414509572000,6.3122048
1414518872000,2.4184864
1414518872000,2.4184864
1414518872000,2.4184864
1414518872000,2.4184864
1414518872000,2.4184864
1414518872000,2.4184864
1414663475000,4.8414432
1414663475000,4.8414432
1414663475000,4.8414432
1414663475000,4.8414432
1414663475000,4.8414432
1414663475000,4.8414432
1414673075000,7.398512
1414673075000,7.398512
1414673075000,7.398512
1414673075000,7.398512
1414673075000,7.398512
1414673075000,7.398512
1414688976000,4.3184064
1414688976000,4.3184064
1414690175000,2.9549344
1414690175000,2.9549344
1414690175000,2.9549344
1414690175000,2.9549344
1414690175000,2.9549344
1414690175000,2.9549344
1414756476000,3.9741856
1414756476000,3.9741856
1414756476000,3.9741856
1414756476000,3.9741856
1414756476000,3.9741856
1414756476000,3.9741856
1414763076000,4.5642784
1414763076000,4.5642784
1414763076000,4.5642784
1414763076000,4.5642784
1414763076000,4.5642784
1414763076000,4.5642784
1414842877000,4.9889664
1414842877000,4.9889664
1414842877000,4.9889664
1414842877000,4.9889664
1414842877000,4.9889664
1414842877000,4.9889664
1414858777000,4.179824
1414858777000,4.179824
1414858777000,4.179824
1414858777000,4.179824
1414858777000,4.179824
1414887877000,6.638544
1414887877000,6.638544
1414887877000,6.638544
1414887877000,6.638544
1414887877000,6.638544
1414887877000,6.638544
1414894180000,5.409184
1414894180000,5.409184
1414894180000,5.409184
1414894180000,5.409184
1414894180000,5.409184
1414894180000,5.409184
1415187014000,9.901936
1415187014000,9.901936
1415187014000,9.901936
1415187014000,9.901936
1415187014000,9.901936
1415371817000,2.928112
1415371817000,2.928112
1415371817000,2.928112
1415371817000,2.928112
1415371817000,2.928112
1415371817000,2.928112
1415445018000,9.1956128
1415445018000,9.1956128
1415445018000,9.1956128
1415445018000,9.1956128
1415445018000,9.1956128
1415445018000,9.1956128
1415448618000,3.3706816
1415448618000,3.3706816
1415448618000,3.3706816
1415448618000,3.3706816
1415451018000,6.638544
1415451018000,6.638544
1415451018000,6.638544
1415451018000,6.638544
1415451018000,6.638544
1415454318000,6.437376
1415454318000,6.437376
1415454318000,6.437376
1415454318000,6.437376
1415454318000,6.437376
1415454318000,6.437376
1415464218000,6.437376
1415464218000,6.437376
1415464218000,6.437376
1415464218000,6.437376
1415464218000,6.437376
1415464218000,6.437376
1415482818000,3.4779712
1415482818000,3.4779712
1415482818000,3.4779712
1415482818000,3.4779712
1415482818000,3.4779712
1415482818000,3.4779712
1415487018000,6.504432
1415487018000,6.504432
1415487018000,6.504432
1415487018000,6.504432
1415487018000,6.504432
1415487018000,6.504432
1415561721000,5.453888
1415561721000,5.453888
1415561721000,5.453888
1415561721000,5.453888
1415561721000,5.453888
1415561721000,5.453888
1415619322000,4.2647616
1415619322000,4.2647616
1415619322000,4.2647616
1415619322000,4.2647616
1415619322000,4.2647616
1415619322000,4.2647616
1415623222000,5.5030624
1415623222000,5.5030624
1415623222000,5.5030624
1415623222000,5.5030624
1415623222000,5.5030624
1415623222000,5.5030624
1415713223000,8.04672
1415713223000,8.04672
1415713223000,8.04672
1415713223000,8.04672
1415713223000,8.04672
1415805925000,4.4078144
1415805925000,4.4078144
1415805925000,4.4078144
1415805925000,4.4078144
1415805925000,4.4078144
1415805925000,4.4078144
1415812825000,4.9532032
1415812825000,4.9532032
1415812825000,4.9532032
1415812825000,4.9532032
1415812825000,4.9532032
1416040881000,5.9590432
1416040881000,5.9590432
1416040881000,5.9590432
1416040881000,5.9590432
1416040881000,5.9590432
1416040881000,5.9590432
1416317860000,6.437376
1416317860000,6.437376
1416317860000,6.437376
1416317860000,6.437376
1416317860000,6.437376
1416317860000,6.437376
1416325960000,7.0721728
1416325960000,7.0721728
1416325960000,7.0721728
1416325960000,7.0721728
1416325960000,7.0721728
1416325960000,7.0721728
1416388362000,6.7771264
1416388362000,6.7771264
1416388362000,6.7771264
1416417162000,7.9483712
1416417162000,7.9483712
1416417162000,7.9483712
1416417162000,7.9483712
1416417162000,7.9483712
1416417162000,7.9483712
1416503263000,6.0708032
1416503263000,6.0708032
1416503263000,6.0708032
1416503263000,6.0708032
1416503263000,6.0708032
1416503263000,6.0708032
1416652665000,4.0725344
1416652665000,4.0725344
1416652665000,4.0725344
1416652665000,4.0725344
1416652665000,4.0725344
1416652665000,4.0725344
1416836280000,5.5969408
1416836280000,5.5969408
1416836280000,5.5969408
1416836280000,5.5969408
1416836280000,5.5969408
1416836280000,5.5969408
1417101186000,4.2066464
1417101186000,4.2066464
1417101186000,4.2066464
1417101186000,4.2066464
1417101186000,4.2066464
1417101186000,4.2066464
1417675999000,4.80568
1417675999000,4.80568
1417675999000,4.80568
1417675999000,4.80568
1417675999000,4.80568
1417675999000,4.80568
1417686199000,4.6983904
1417686199000,4.6983904
1417686199000,4.6983904
1417686199000,4.6983904
1417686199000,4.6983904
1417686199000,4.6983904
1417697599000,4.9129696
1417697599000,4.9129696
1417697599000,4.9129696
1417697599000,4.9129696
1417697599000,4.9129696
1417697599000,4.9129696
1417713199000,4.4391072
1417713199000,4.4391072
1417713199000,4.4391072
1417713199000,4.4391072
1417713199000,4.4391072
1417713199000,4.4391072
1417869263000,4.9532032
1417869263000,4.9532032
1417869263000,4.9532032
1417869263000,4.9532032
1417869263000,4.9532032
1417869263000,4.9532032
1417873763000,4.6983904
1417873763000,4.6983904
1417873763000,4.6983904
1417873763000,4.6983904
1417873763000,4.6983904
1417873763000,4.6983904
1417879463000,4.1530016
1417879463000,4.1530016
1417879463000,4.1530016
1417879463000,4.1530016
1417879463000,4.1530016
1417879463000,4.1530016
1418042682000,4.6626272
1418042682000,4.6626272
1418042682000,4.6626272
1418042682000,4.6626272
1418042682000,4.6626272
1418042682000,4.6626272
1418136030000,3.7193728
1418136030000,3.7193728
1418136030000,3.7193728
1418136030000,3.7193728
1418136030000,3.7193728
1418136030000,3.7193728
1418277932000,4.6626272
1418277932000,4.6626272
1418277932000,4.6626272
1418277932000,4.6626272
1418277932000,4.6626272
1418277932000,4.6626272
1418307933000,3.57632
1418307933000,3.57632
1418307933000,3.57632
1418307933000,3.57632
1418307933000,3.57632
1418307933000,3.57632
1418316033000,4.179824
1418316033000,4.179824
1418316033000,4.179824
1418316033000,4.179824
1418316033000,4.179824
1418316033000,4.179824
1418368234000,5.2348384
1418368234000,5.2348384
1418368234000,5.2348384
1418368234000,5.2348384
1418368234000,5.2348384
1418368234000,5.2348384
1418477455000,4.6000416
1418477455000,4.6000416
1418477455000,4.6000416
1418477455000,4.6000416
1418477455000,4.6000416
1418477455000,4.6000416
1418483156000,5.6952896
1418483156000,5.6952896
1418484055000,7.3135744
1418484055000,7.3135744
1418484055000,7.3135744
1418484055000,7.3135744
1418484055000,7.3135744
1418484055000,7.3135744
1418658060000,6.8486528
1418658060000,6.8486528
1418658060000,6.8486528
1418658060000,6.8486528
1418658060000,6.8486528
1418658060000,6.8486528
1418799363000,7.6622656
1418799363000,7.6622656
1418799363000,7.6622656
1418799363000,7.6622656
1418799363000,7.6622656
1418799363000,7.6622656
1418814363000,4.3184064
1418814363000,4.3184064
1418814363000,4.3184064
1418814363000,4.3184064
1418814363000,4.3184064
1418814363000,4.3184064
1418831463000,4.5016928
1418831463000,4.5016928
1418831463000,4.5016928
1418831463000,4.5016928
1418831463000,4.5016928
1418834763000,3.3528
1418834763000,3.3528
1418834763000,3.3528
1418834763000,3.3528
1418834763000,3.3528
1418834763000,3.3528
1419521579000,4.7699168
1419521579000,4.7699168
1419521579000,4.7699168
1419521579000,4.7699168
1419521579000,4.7699168
1419521579000,4.7699168
1419691982000,4.5016928
1419691982000,4.5016928
1419691982000,4.5016928
1419691982000,4.5016928
1419691982000,4.5016928
1419691982000,4.5016928
1421019056000,5.319776
1421019056000,5.319776
1421019056000,5.319776
1421019056000,5.319776
1421019056000,5.319776
1421019056000,5.319776
1421511310000,2.436368
1421511310000,2.436368
1421511310000,2.436368
1421511310000,2.436368
1421511310000,2.436368
1421511310000,2.436368
1421852256000,3.3528
1421852256000,3.3528
1421852256000,3.3528
1421852256000,3.3528
1421852256000,3.3528
1421852256000,3.3528
1422019214000,4.2647616
1422019214000,4.2647616
1422019214000,4.2647616
1422019214000,4.2647616
1422019214000,4.2647616
1422019214000,4.2647616
1422099315000,2.9147008
1422099315000,2.9147008
1422099315000,2.9147008
1422099315000,2.9147008
1422099315000,2.9147008
1422099315000,2.9147008
1422109215000,5.7489344
1422109215000,5.7489344
1422109215000,5.7489344
1422109215000,5.7489344
1422109215000,5.7489344
1422109215000,5.7489344
1422112816000,6.7771264
1422112816000,6.7771264
1422112816000,6.7771264
1422112816000,6.7771264
1422112816000,6.7771264
1422112816000,6.7771264
1422201111000,6.7056
1422201111000,6.7056
1422201111000,6.7056
1422201111000,6.7056
1422201111000,6.7056
1422201111000,6.7056
1422362511000,4.380992
1422362511000,4.380992
1422362511000,4.380992
1422362511000,4.380992
1422362511000,4.380992
1422362511000,4.380992
1422647516000,7.0721728
1422647516000,7.0721728
1422647516000,7.0721728
1422647516000,7.0721728
1422647516000,7.0721728
1422647516000,7.0721728
1422705742000,5.7981088
1422705742000,5.7981088
1422707243000,3.0085792
1422707243000,3.0085792
1422707243000,3.0085792
1422707243000,3.0085792
1422707243000,3.0085792
1422707243000,3.0085792
1422753145000,2.6732992
1422753145000,2.6732992
1422753145000,2.6732992
1422753145000,2.6732992
1422753145000,2.6732992
1422753145000,2.6732992
1423604207000,4.3184064
1423604207000,4.3184064
1423604207000,4.3184064
1423604207000,4.3184064
1423604207000,4.3184064
1423604207000,4.3184064
1423872594000,4.2334688
1423872594000,4.2334688
1423872594000,4.2334688
1423872594000,4.2334688
1423872594000,4.2334688
1423872594000,4.2334688
1423915737000,2.3424896
1423915737000,2.3424896
1423915737000,2.3424896
1423915737000,2.3424896
1423915737000,2.3424896
1424104885000,2.525776
1424104885000,2.525776
1424104885000,2.525776
1424104885000,2.525776
1424104885000,2.525776
1424104885000,2.525776
1424171107000,2.503424
1424171107000,2.503424
1424171107000,2.503424
1424171107000,2.503424
1424171107000,2.503424
1424171107000,2.503424
1424696349000,5.1901344
1424696349000,5.1901344
1424696349000,5.1901344
1424696349000,5.1901344
1424696349000,5.1901344
1424696349000,5.1901344
1424696349000,5.1901344
1424760277000,7.398512
1424760277000,7.398512
1424760277000,7.398512
1424760277000,7.398512
1424760277000,7.398512
1424760277000,7.398512
1424861378000,5.6952896
1424861378000,5.6952896
1424861378000,5.6952896
1424861378000,5.6952896
1424861378000,5.6952896
1425776754000,4.3496992
1425776754000,4.3496992
1425776754000,4.3496992
1425776754000,4.3496992
1425776754000,4.3496992
1425776754000,4.3496992
1427247300000,5.1901344
1427247300000,5.1901344
1427247300000,5.1901344
1427247300000,5.1901344
1427247300000,5.1901344
1427247300000,5.1901344
1427277600000,4.5642784
1427277600000,4.5642784
1427277600000,4.5642784
1427277600000,4.5642784
1427277600000,4.5642784
1427822401000,2.5347168
1427822401000,2.5347168
1427822401000,2.5347168
1427822401000,2.5347168
1427822401000,2.5347168
1427966101000,6.638544
1427966101000,6.638544
1427966101000,6.638544
1427966101000,6.638544
1427966101000,6.638544
1427966101000,6.638544
1427988301000,2.704592
1427988301000,2.704592
1427988301000,2.704592
1427988301000,2.704592
1427990700000,3.1248096
1427990700000,3.1248096
1427990700000,3.1248096
1427990700000,3.1248096
1427990700000,3.1248096
1427990700000,3.1248096
1428140100000,4.8772064
1428140100000,4.8772064
1428140100000,4.8772064
1428140100000,4.8772064
1428140100000,4.8772064
1428140100000,4.8772064
1428153000000,4.4391072
1428153000000,4.4391072
1428153000000,4.4391072
1428153000000,4.4391072
1428153000000,4.4391072
1428153000000,4.4391072
1428239400000,5.36448
1428239400000,5.36448
1428239400000,5.36448
1428239400000,5.36448
1428239400000,5.36448
1428239400000,5.36448
1428246600000,5.5477664
1428246600000,5.5477664
1428246600000,5.5477664
1428246600000,5.5477664
1428246600000,5.5477664
1428246600000,5.5477664
1428423301000,3.3528
1428423301000,3.3528
1428423301000,3.3528
1428423301000,3.3528
1428423301000,3.3528
1428423301000,3.3528
1428573900000,4.2066464
1428573900000,4.2066464
1428573900000,4.2066464
1428573900000,4.2066464
1428573900000,4.2066464
1428573900000,4.2066464
1428588300000,4.6983904
1428588300000,4.6983904
1428588300000,4.6983904
1428588300000,4.6983904
1428588300000,4.6983904
1428588300000,4.6983904
1428595200000,4.9532032
1428595200000,4.9532032
1428595200000,4.9532032
1428595200000,4.9532032
1428595200000,4.9532032
1428595200000,4.9532032
1428724800000,4.6313344
1428724800000,4.6313344
1428724800000,4.6313344
1428724800000,4.6313344
1428724800000,4.6313344
1428724800000,4.6313344
1428743400000,3.1382208
1428743400000,3.1382208
1428744601000,2.1592032
1428744601000,2.1592032
1428744601000,2.1592032
1428744601000,2.1592032
1428744601000,2.1592032
1429007400000,5.0292
1429007400000,5.0292
1429007400000,5.0292
1429007400000,5.0292
1429007400000,5.0292
1429200600000,5.1096672
1429200600000,5.1096672
1429200600000,5.1096672
1429200600000,5.1096672
1429200600000,5.1096672
1429266001000,4.0501824
1429266001000,4.0501824
1429266001000,4.0501824
1429266001000,4.0501824
1429266001000,4.0501824
1429266001000,4.0501824
1429278600000,4.8772064
1429278600000,4.8772064
1429278600000,4.8772064
1429278600000,4.8772064
1429278600000,4.8772064
1429278600000,4.8772064
1429620000000,3.7417248
1429620000000,3.7417248
1429620000000,3.7417248
1429620000000,3.7417248
1429620000000,3.7417248
1429623000000,8.359648
1429623000000,8.359648
1429623000000,8.359648
1429623000000,8.359648
1429623000000,8.359648
1429623000000,8.359648
1429694101000,2.68224
1429694101000,2.68224
1429694101000,2.68224
1429694101000,2.68224
1429694101000,2.68224
1429694101000,2.68224
1429791300000,4.9532032
1429791300000,4.9532032
1429791300000,4.9532032
1429791300000,4.9532032
1429791300000,4.9532032
1429791300000,4.9532032
1429829100000,8.471408
1429829100000,8.471408
1429829100000,8.471408
1429829100000,8.471408
1429829100000,8.471408
1429829100000,8.471408
1429959300000,5.319776
1429959900000,4.6983904
1429959900000,4.6983904
1429959900000,4.6983904
1429961700000,4.0725344
1429961700000,4.0725344
1429961700000,4.0725344
1429961700000,4.0725344
1429961700000,4.0725344
1429961700000,4.0725344
1429965600000,2.726944
1429966500000,3.7014912
1429967100000,9.1956128
1429967400000,6.7771264
1429967400000,6.7771264
1429968600000,7.9483712
1429969200000,6.191504
1429969200000,6.191504
1429969200000,6.191504
1429971000000,5.6952896
1429971000000,5.6952896
1429971000000,5.6952896
1429971000000,5.6952896
1429971000000,5.6952896
1429971000000,5.6952896
1429983900000,5.0292
1429983900000,5.0292
1429983900000,5.0292
1429983900000,5.0292
1429983900000,5.0292
1429983900000,5.0292
1430062800000,6.0171584
1430062800000,6.0171584
1430062800000,6.0171584
1430062800000,6.0171584
1430062800000,6.0171584
1430062800000,6.0171584
1430234100000,4.3184064
1430234100000,4.3184064
1430234100000,4.3184064
1430234100000,4.3184064
1430234100000,4.3184064
1430234100000,4.3184064
1430384100000,2.9415232
1430384100000,2.9415232
1430384100000,2.9415232
1430384100000,2.9415232
1430384100000,2.9415232
1430384100000,2.9415232
1430410200000,2.3156672
1430410200000,2.3156672
1430410200000,2.3156672
1430410200000,2.3156672
1430410200000,2.3156672
1430410200000,2.3156672
1430469900000,2.7984704
1430469900000,2.7984704
1430469900000,2.7984704
1430469900000,2.7984704
1430469900000,2.7984704
1430469900000,2.7984704
1430474100000,3.8758368
1430474100000,3.8758368
1430474100000,3.8758368
1430474100000,3.8758368
1430474100000,3.8758368
1430474100000,3.8758368
1430651700000,4.5642784
1430651700000,4.5642784
1430651700000,4.5642784
1430651700000,4.5642784
1430651700000,4.5642784
1430651700000,4.5642784
1430747700000,4.3496992
1430747700000,4.3496992
1430747700000,4.3496992
1430747700000,4.3496992
1430747700000,4.3496992
1430747700000,4.3496992
1430754300000,5.8517536
1430754300000,5.8517536
1430754300000,5.8517536
1430754300000,5.8517536
1430754300000,5.8517536
1430754300000,5.8517536
1430820300000,5.5969408
1430820300000,5.5969408
1430820300000,5.5969408
1430820300000,5.5969408
1430820300000,5.5969408
1430820300000,5.5969408
1430945700000,5.1499008
1430945700000,5.1499008
1430945700000,5.1499008
1430945700000,5.1499008
1430945700000,5.1499008
1430945700000,5.1499008
1431005700000,5.0694336
1431005700000,5.0694336
1431005700000,5.0694336
1431005700000,5.0694336
1431005700000,5.0694336
1431005700000,5.0694336
1431015000000,3.442208
1431015000000,3.442208
1431015000000,3.442208
1431015000000,3.442208
1431015000000,3.442208
1431015000000,3.442208
1431083100000,5.5030624
1431083100000,5.5030624
1431083100000,5.5030624
1431083100000,5.5030624
1431083100000,5.5030624
1431083100000,5.5030624
1431087000000,4.8772064
1431087000000,4.8772064
1431087000000,4.8772064
1431087000000,4.8772064
1431087000000,4.8772064
1431087000000,4.8772064
1431344100000,3.7193728
1431344100000,3.7193728
1431344100000,3.7193728
1431344100000,3.7193728
1431344100000,3.7193728
1431344100000,3.7193728
1431619800000,2.659888
1431619800000,2.659888
1431619800000,2.659888
1431619800000,2.659888
1431619800000,2.659888
1431619800000,2.659888
1431774300000,4.380992
1431774300000,4.380992
1431774300000,4.380992
1431774300000,4.380992
1431774300000,4.380992
1431774300000,4.380992
1431825300000,5.0694336
1431825300000,5.0694336
1431825300000,5.0694336
1431825300000,5.0694336
1431825300000,5.0694336
1431825300000,5.0694336
1431876600000,7.0721728
1431876600000,7.0721728
1431876600000,7.0721728
1431876600000,7.0721728
1431876600000,7.0721728
1431876600000,7.0721728
1431941100000,3.0219904
1431941100000,3.0219904
1431941100000,3.0219904
1431941100000,3.0219904
1431941100000,3.0219904
1431941100000,3.0219904
1432035900000,8.6993984
1432035900000,8.6993984
1432035900000,8.6993984
1432035900000,8.6993984
1432035900000,8.6993984
1432035900000,8.6993984
1432050607000,2.4944832
1432050607000,2.4944832
1432050607000,2.4944832
1432050607000,2.4944832
1432050607000,2.4944832
1432050607000,2.4944832
1432427700000,9.3297248
1432427700000,9.3297248
1432427700000,9.3297248
1432427700000,9.3297248
1432427700000,9.3297248
1432427700000,9.3297248
1433334001000,4.5016928
1433334001000,4.5016928
1433334001000,4.5016928
1433334001000,4.5016928
1433334001000,4.5016928
1433334001000,4.5016928
1433340300000,7.398512
1433340600000,3.3170368
1433340600000,3.3170368
1433340600000,3.3170368
1433340600000,3.3170368
1433340600000,3.3170368
1433340600000,3.3170368
1433417401000,3.285744
1433417401000,3.285744
1433417401000,3.285744
1433417401000,3.285744
1433417401000,3.285744
1433417401000,3.285744
1433432700000,4.2334688
1433432700000,4.2334688
1433433600000,2.3424896
1433434200000,2.7984704
1433434200000,2.7984704
1433434200000,2.7984704
1433434200000,2.7984704
1433434200000,2.7984704
1433434200000,2.7984704
1433585400000,5.6952896
1433585400000,5.6952896
1433585400000,5.6952896
1433585400000,5.6952896
1433585400000,5.6952896
1433585400000,5.6952896
1433595901000,4.2066464
1433595901000,4.2066464
1433595901000,4.2066464
1433595901000,4.2066464
1433595901000,4.2066464
1433595901000,4.2066464
1433600701000,2.212848
1433600701000,2.212848
1433600701000,2.212848
1433600701000,2.212848
1433600701000,2.212848
1433600701000,2.212848
1433694601000,5.6461152
1433694601000,5.6461152
1433694601000,5.6461152
1433694601000,5.6461152
1433694601000,5.6461152
1433694601000,5.6461152
1433764800000,7.15264
1433764800000,7.15264
1433764800000,7.15264
1433764800000,7.15264
1433764800000,7.15264
1433764800000,7.15264
1433773200000,4.2647616
1433773200000,4.2647616
1433773200000,4.2647616
1433773200000,4.2647616
1433773200000,4.2647616
1433773200000,4.2647616
1433786400000,4.9889664
1433786400000,4.9889664
1433786400000,4.9889664
1433786400000,4.9889664
1433786400000,4.9889664
1433786400000,4.9889664
1433845801000,7.398512
1433845801000,7.398512
1433845801000,7.398512
1433845801000,7.398512
1433845801000,7.398512
1433845801000,7.398512
1433870100000,2.2441408
1433870100000,2.2441408
1433870100000,2.2441408
1433870100000,2.2441408
1433870100000,2.2441408
1433870100000,2.2441408
1433937300000,2.525776
1433937300000,2.525776
1433937300000,2.525776
1433937300000,2.525776
1433937300000,2.525776
1433937300000,2.525776
1433942401000,5.1499008
1433942401000,5.1499008
1433942401000,5.1499008
1433942401000,5.1499008
1433942401000,5.1499008
1434023700000,6.996176
1434023700000,6.996176
1434023700000,6.996176
1434023700000,6.996176
1434023700000,6.996176
1434023700000,6.996176
1434038400000,2.9415232
1434038400000,2.9415232
1434038400000,2.9415232
1434038400000,2.9415232
1434038400000,2.9415232
1434038400000,2.9415232
1434119401000,2.168144
1434119401000,2.168144
1434120600000,2.4944832
1434120600000,2.4944832
1434120600000,2.4944832
1434120600000,2.4944832
1434120600000,2.4944832
1434120600000,2.4944832
1434152400000,5.7981088
1434152400000,5.7981088
1434152400000,5.7981088
1434152400000,5.7981088
1434152400000,5.7981088
1434708900000,6.3122048
1434708900000,6.3122048
1434708900000,6.3122048
1434708900000,6.3122048
1434708900000,6.3122048
1434708900000,6.3122048
1434904200000,4.80568
1434904200000,4.80568
1434904200000,4.80568
1434904200000,4.80568
1434904200000,4.80568
1434904200000,4.80568
1435054800000,3.3885632
1435054800000,3.3885632
1435054800000,3.3885632
1435054800000,3.3885632
1435054800000,3.3885632
1435054800000,3.3885632
1435183800000,5.7489344
1435183800000,5.7489344
1435183800000,5.7489344
1435183800000,5.7489344
1435183800000,5.7489344
1435183800000,5.7489344
1435742400000,5.1096672
1435742400000,5.1096672
1435742400000,5.1096672
1435742400000,5.1096672
1435742400000,5.1096672
1435742400000,5.1096672
1435929600000,4.02336
1435929600000,4.02336
1435929600000,4.02336
1435929600000,4.02336
1435929600000,4.02336
1435929600000,4.02336
